{"total-package-count": 19113, "packages-with-readme-count": 0, "get_all_readme-fn-hours": 0.021892680327097576, "readme_for_pypi-fn-hours": 1.6767515076531303e-05}