{"git_readme_clean": {"avg_word_count": 90.91733333333333, "popular_word_frequency": {"python": 1.351, "use": 0.9466666666666667, "code": 0.6756666666666666, "using": 0.646, "file": 0.5813333333333334, "install": 0.533}}, "git_description_clean": {"avg_word_count": 1.001, "popular_word_frequency": {"python": 0.054, "django": 0.023, "library": 0.015666666666666666, "framework": 0.01, "data": 0.01, "api": 0.007666666666666666}}, "git_keywords_clean": {"avg_word_count": 0.198, "popular_word_frequency": {"python": 0.030666666666666665, "django": 0.008, "asyncio": 0.004, "api": 0.0023333333333333335, "aiohttp": 0.002, "cli": 0.0016666666666666668}}, "pypi_description_clean": {"avg_word_count": 119.057, "popular_word_frequency": {"python": 2.058666666666667, "use": 1.1846666666666668, "code": 0.936, "using": 0.7556666666666667, "file": 0.7023333333333334, "add": 0.664}}, "pypi_keywords_clean": {"avg_word_count": 1.6533333333333333, "popular_word_frequency": {"django": 0.045, "api": 0.02266666666666667, "python": 0.017666666666666667, "data": 0.017333333333333333, "web": 0.016, "rest": 0.009333333333333334}}}