{"git_readme_clean": {"avg_word_count": 90.72840475069324, "popular_word_frequency": {"python": 1.3725736409773452, "use": 0.9123109925181814, "code": 0.6570920316015277, "using": 0.6241301731805577, "file": 0.572385287500654, "install": 0.5298487940145451}}, "git_description_clean": {"avg_word_count": 0.9831528279181708, "popular_word_frequency": {"python": 0.05284361429393607, "django": 0.023596504996599172, "library": 0.0207188824360383, "data": 0.010254800397635117, "api": 0.010150159577251086, "client": 0.00842358604091456}}, "git_keywords_clean": {"avg_word_count": 0.19185894417412233, "popular_word_frequency": {"python": 0.0332234604719301, "django": 0.007324857426882226, "asyncio": 0.0025113796892167633, "library": 0.0013080102548003977, "flask": 0.0013080102548003977, "api": 0.0013080102548003977}}, "pypi_description_clean": {"avg_word_count": 120.93271595249307, "popular_word_frequency": {"python": 2.085962433945482, "use": 1.1505258201224298, "code": 0.9533301941087218, "using": 0.7522628577408047, "file": 0.7089415581018155, "support": 0.684298644901376}}, "pypi_keywords_clean": {"avg_word_count": 1.6042484173075917, "popular_word_frequency": {"django": 0.043478260869565216, "api": 0.022707058023334902, "python": 0.021503688588918535, "web": 0.01417883116203631, "data": 0.013132422958195993, "rest": 0.00894679014283472}}}